<?xml version="1.0" encoding="UTF-8"?>
<!--

  Copyright : 2012 Freescale, Inc. All Rights Reserved.

  This configuration file is a standard interchange file that's format is maintained
  by Freescale, Inc. The configuration file is a derivative work
  of the Processor Expert Software technology licensed for use by customers
  as defined as SOFTWARE in the product's End User License Agreement. This file
  and format are free to use and distribute for read-only purposes. You do not have
  the right to create these files or modify this format or use for any purposes other
  than interchange with the Processor Expert Software technology.

  THIS SOFTWARE IS PROVIDED "AS IS".

  NO WARRANTIES, WHETHER EXPRESS, IMPLIED OR STATUTORY, INCLUDING, BUT NOT
  LIMITED TO, IMPLIED WARRANTIES OF MERCHANTABILITY AND FITNESS FOR A PARTICULAR
  PURPOSE APPLY TO THIS SOFTWARE. IN NO EVENT WILL FREESCALE BE LIABLE, WHETHER
  IN CONTRACT, TORT, OR OTHERWISE, FOR ANY INCIDENTAL, SPECIAL, INDIRECT,
  CONSEQUENTIAL OR PUNITIVE DAMAGES, INCLUDING, BUT NOT LIMITED TO, DAMAGES FOR
  ANY LOSS OF USE, LOSS OF TIME, INCONVENIENCE, COMMERCIAL LOSS, OR LOST PROFITS,
  SAVINGS, OR REVENUES TO THE FULL EXTENT SUCH MAY BE DISCLAIMED BY LAW.

-->
<export xmlns:xsi="http://www.w3.org/2001/XMLSchema-instance" xsi:noNamespaceSchemaLocation="ProjectInfoDescription.xsd">
  <PROCESSOR>
    <DeviceID>MKL26Z128xxx4</DeviceID>
    <CoreNum>1</CoreNum>
    <Cores>
      <Core>
        <CoreSet>Cortex-M0+</CoreSet>
      </Core>
    </Cores>
    <SRAMsize>16k</SRAMsize>
    <FLASHsize>128k</FLASHsize>
  </PROCESSOR>
  <PATHS>
    <LinkerCommandFile>C:\Users\cheik\workspace.kds\Temp\Project_Settings\Linker_Files\ProcessorExpert.ld</LinkerCommandFile>
    <IncludePaths>
      <Path>C:\Users\cheik\workspace.kds\Temp\SDK\platform\hal\inc\</Path>
      <Path>C:\Users\cheik\workspace.kds\Temp\SDK\platform\hal\src\sim\MKL26Z4\</Path>
      <Path>C:\Users\cheik\workspace.kds\Temp\SDK\platform\system\src\clock\MKL26Z4\</Path>
      <Path>C:\Users\cheik\workspace.kds\Temp\SDK\platform\system\inc\</Path>
      <Path>C:\Users\cheik\workspace.kds\Temp\SDK\platform\osa\inc\</Path>
      <Path>C:\Users\cheik\workspace.kds\Temp\SDK\platform\drivers\inc\</Path>
      <Path>C:\Users\cheik\workspace.kds\Temp\SDK\platform\utilities\src\</Path>
      <Path>C:\Users\cheik\workspace.kds\Temp\SDK\platform\utilities\inc\</Path>
      <Path>C:\Users\cheik\workspace.kds\Temp\SDK\platform\CMSIS\Include\</Path>
      <Path>C:\Users\cheik\workspace.kds\Temp\SDK\platform\devices\</Path>
      <Path>C:\Users\cheik\workspace.kds\Temp\SDK\platform\devices\MKL26Z4\include\</Path>
      <Path>C:\Users\cheik\workspace.kds\Temp\SDK\platform\devices\MKL26Z4\startup\</Path>
      <Path>C:\Users\cheik\workspace.kds\Temp\Generated_Code\SDK\platform\devices\MKL26Z4\startup\</Path>
      <Path>C:\Users\cheik\workspace.kds\Temp\Sources\</Path>
      <Path>C:\Users\cheik\workspace.kds\Temp\Generated_Code\</Path>
    </IncludePaths>
    <SourceCodePaths>
      <Path>C:\Users\cheik\workspace.kds\Temp\Generated_Code\</Path>
      <Path>C:\Users\cheik\workspace.kds\Temp\SDK\platform\devices\MKL26Z4\startup\</Path>
      <Path>C:\Users\cheik\workspace.kds\Temp\SDK\platform\devices\</Path>
      <Path>C:\Users\cheik\workspace.kds\Temp\SDK\platform\drivers\src\rtc\</Path>
      <Path>C:\Users\cheik\workspace.kds\Temp\SDK\platform\drivers\src\uart\</Path>
      <Path>C:\Users\cheik\workspace.kds\Temp\SDK\platform\hal\src\lpsci\</Path>
      <Path>C:\Users\cheik\workspace.kds\Temp\SDK\platform\hal\src\mcg\</Path>
      <Path>C:\Users\cheik\workspace.kds\Temp\SDK\platform\hal\src\osc\</Path>
      <Path>C:\Users\cheik\workspace.kds\Temp\SDK\platform\hal\src\port\</Path>
      <Path>C:\Users\cheik\workspace.kds\Temp\SDK\platform\hal\src\rtc\</Path>
      <Path>C:\Users\cheik\workspace.kds\Temp\SDK\platform\hal\src\sim\MKL26Z4\</Path>
      <Path>C:\Users\cheik\workspace.kds\Temp\SDK\platform\hal\src\uart\</Path>
      <Path>C:\Users\cheik\workspace.kds\Temp\SDK\platform\osa\src\</Path>
      <Path>C:\Users\cheik\workspace.kds\Temp\SDK\platform\system\src\clock\MKL26Z4\</Path>
      <Path>C:\Users\cheik\workspace.kds\Temp\SDK\platform\system\src\clock\</Path>
      <Path>C:\Users\cheik\workspace.kds\Temp\SDK\platform\system\src\interrupt\</Path>
      <Path>C:\Users\cheik\workspace.kds\Temp\SDK\platform\utilities\src\</Path>
      <Path>C:\Users\cheik\workspace.kds\Temp\Sources\1wire\</Path>
      <Path>C:\Users\cheik\workspace.kds\Temp\Sources\</Path>
      <Path>C:\Users\cheik\workspace.kds\Temp\Static_Code\System\</Path>
      <Path>C:\Users\cheik\workspace.kds\Temp\SDK\platform\devices\MKL26Z4\startup\gcc\</Path>
    </SourceCodePaths>
  </PATHS>
  <FILES>
    <GeneratedCs>
      <PathName>C:\Users\cheik\workspace.kds\Temp\Generated_Code\Cpu.c</PathName>
      <PathName>C:\Users\cheik\workspace.kds\Temp\Generated_Code\DbgCs1.c</PathName>
      <PathName>C:\Users\cheik\workspace.kds\Temp\Generated_Code\KSDK1.c</PathName>
      <PathName>C:\Users\cheik\workspace.kds\Temp\Generated_Code\WAIT1.c</PathName>
      <PathName>C:\Users\cheik\workspace.kds\Temp\Generated_Code\clockMan1.c</PathName>
      <PathName>C:\Users\cheik\workspace.kds\Temp\Generated_Code\hardware_init.c</PathName>
      <PathName>C:\Users\cheik\workspace.kds\Temp\Generated_Code\osa1.c</PathName>
      <PathName>C:\Users\cheik\workspace.kds\Temp\Generated_Code\pin_init.c</PathName>
      <PathName>C:\Users\cheik\workspace.kds\Temp\Generated_Code\uartCom1.c</PathName>
      <PathName>C:\Users\cheik\workspace.kds\Temp\Generated_Code\uart_xb.c</PathName>
      <PathName>C:\Users\cheik\workspace.kds\Temp\SDK\platform\devices\MKL26Z4\startup\system_MKL26Z4.c</PathName>
      <PathName>C:\Users\cheik\workspace.kds\Temp\SDK\platform\devices\startup.c</PathName>
      <PathName>C:\Users\cheik\workspace.kds\Temp\SDK\platform\drivers\src\rtc\fsl_rtc_common.c</PathName>
      <PathName>C:\Users\cheik\workspace.kds\Temp\SDK\platform\drivers\src\uart\fsl_uart_common.c</PathName>
      <PathName>C:\Users\cheik\workspace.kds\Temp\SDK\platform\drivers\src\uart\fsl_uart_driver.c</PathName>
      <PathName>C:\Users\cheik\workspace.kds\Temp\SDK\platform\hal\src\lpsci\fsl_lpsci_hal.c</PathName>
      <PathName>C:\Users\cheik\workspace.kds\Temp\SDK\platform\hal\src\mcg\fsl_mcg_hal.c</PathName>
      <PathName>C:\Users\cheik\workspace.kds\Temp\SDK\platform\hal\src\mcg\fsl_mcg_hal_modes.c</PathName>
      <PathName>C:\Users\cheik\workspace.kds\Temp\SDK\platform\hal\src\osc\fsl_osc_hal.c</PathName>
      <PathName>C:\Users\cheik\workspace.kds\Temp\SDK\platform\hal\src\port\fsl_port_hal.c</PathName>
      <PathName>C:\Users\cheik\workspace.kds\Temp\SDK\platform\hal\src\rtc\fsl_rtc_hal.c</PathName>
      <PathName>C:\Users\cheik\workspace.kds\Temp\SDK\platform\hal\src\sim\MKL26Z4\fsl_sim_hal_MKL26Z4.c</PathName>
      <PathName>C:\Users\cheik\workspace.kds\Temp\SDK\platform\hal\src\uart\fsl_uart_hal.c</PathName>
      <PathName>C:\Users\cheik\workspace.kds\Temp\SDK\platform\osa\src\fsl_os_abstraction_bm.c</PathName>
      <PathName>C:\Users\cheik\workspace.kds\Temp\SDK\platform\system\src\clock\MKL26Z4\fsl_clock_MKL26Z4.c</PathName>
      <PathName>C:\Users\cheik\workspace.kds\Temp\SDK\platform\system\src\clock\fsl_clock_manager.c</PathName>
      <PathName>C:\Users\cheik\workspace.kds\Temp\SDK\platform\system\src\clock\fsl_clock_manager_common.c</PathName>
      <PathName>C:\Users\cheik\workspace.kds\Temp\SDK\platform\system\src\interrupt\fsl_interrupt_manager.c</PathName>
      <PathName>C:\Users\cheik\workspace.kds\Temp\SDK\platform\utilities\src\fsl_debug_console.c</PathName>
      <PathName>C:\Users\cheik\workspace.kds\Temp\SDK\platform\utilities\src\fsl_misc_utilities.c</PathName>
      <PathName>C:\Users\cheik\workspace.kds\Temp\SDK\platform\utilities\src\print_scan.c</PathName>
      <PathName>C:\Users\cheik\workspace.kds\Temp\Sources\1wire\onewire.c</PathName>
      <PathName>C:\Users\cheik\workspace.kds\Temp\Sources\1wire\uart.c</PathName>
      <PathName>C:\Users\cheik\workspace.kds\Temp\Sources\Events.c</PathName>
      <PathName>C:\Users\cheik\workspace.kds\Temp\Sources\StringUtility.c</PathName>
      <PathName>C:\Users\cheik\workspace.kds\Temp\Sources\Xbee_Driver.c</PathName>
      <PathName>C:\Users\cheik\workspace.kds\Temp\Sources\app.c</PathName>
      <PathName>C:\Users\cheik\workspace.kds\Temp\Sources\console.c</PathName>
      <PathName>C:\Users\cheik\workspace.kds\Temp\Sources\fifo_buffer.c</PathName>
      <PathName>C:\Users\cheik\workspace.kds\Temp\Sources\iSerre-SN.c</PathName>
      <PathName>C:\Users\cheik\workspace.kds\Temp\Sources\main.c</PathName>
      <PathName>C:\Users\cheik\workspace.kds\Temp\Sources\sensor.c</PathName>
      <PathName>C:\Users\cheik\workspace.kds\Temp\Static_Code\System\PE_low_level_init.c</PathName>
    </GeneratedCs>
    <GeneratedHs>
      <PathName>C:\Users\cheik\workspace.kds\Temp\Generated_Code\Cpu.h</PathName>
      <PathName>C:\Users\cheik\workspace.kds\Temp\Generated_Code\DbgCs1.h</PathName>
      <PathName>C:\Users\cheik\workspace.kds\Temp\Generated_Code\KSDK1.h</PathName>
      <PathName>C:\Users\cheik\workspace.kds\Temp\Generated_Code\PE_KSDK_Types.h</PathName>
      <PathName>C:\Users\cheik\workspace.kds\Temp\Generated_Code\PE_low_level_init.h</PathName>
      <PathName>C:\Users\cheik\workspace.kds\Temp\Generated_Code\SDK\platform\devices\MKL26Z4\startup\system_MKL26Z4.h</PathName>
      <PathName>C:\Users\cheik\workspace.kds\Temp\Generated_Code\WAIT1.h</PathName>
      <PathName>C:\Users\cheik\workspace.kds\Temp\Generated_Code\board.h</PathName>
      <PathName>C:\Users\cheik\workspace.kds\Temp\Generated_Code\clockMan1.h</PathName>
      <PathName>C:\Users\cheik\workspace.kds\Temp\Generated_Code\osa1.h</PathName>
      <PathName>C:\Users\cheik\workspace.kds\Temp\Generated_Code\pin_init.h</PathName>
      <PathName>C:\Users\cheik\workspace.kds\Temp\Generated_Code\uartCom1.h</PathName>
      <PathName>C:\Users\cheik\workspace.kds\Temp\Generated_Code\uart_xb.h</PathName>
      <PathName>C:\Users\cheik\workspace.kds\Temp\SDK\platform\CMSIS\Include\arm_common_tables.h</PathName>
      <PathName>C:\Users\cheik\workspace.kds\Temp\SDK\platform\CMSIS\Include\arm_const_structs.h</PathName>
      <PathName>C:\Users\cheik\workspace.kds\Temp\SDK\platform\CMSIS\Include\arm_math.h</PathName>
      <PathName>C:\Users\cheik\workspace.kds\Temp\SDK\platform\CMSIS\Include\core_cm0plus.h</PathName>
      <PathName>C:\Users\cheik\workspace.kds\Temp\SDK\platform\CMSIS\Include\core_cmFunc.h</PathName>
      <PathName>C:\Users\cheik\workspace.kds\Temp\SDK\platform\CMSIS\Include\core_cmInstr.h</PathName>
      <PathName>C:\Users\cheik\workspace.kds\Temp\SDK\platform\CMSIS\Include\core_cmSimd.h</PathName>
      <PathName>C:\Users\cheik\workspace.kds\Temp\SDK\platform\devices\MKL26Z4\include\MKL26Z4.h</PathName>
      <PathName>C:\Users\cheik\workspace.kds\Temp\SDK\platform\devices\MKL26Z4\include\MKL26Z4_extension.h</PathName>
      <PathName>C:\Users\cheik\workspace.kds\Temp\SDK\platform\devices\MKL26Z4\include\MKL26Z4_features.h</PathName>
      <PathName>C:\Users\cheik\workspace.kds\Temp\SDK\platform\devices\MKL26Z4\include\fsl_bitaccess.h</PathName>
      <PathName>C:\Users\cheik\workspace.kds\Temp\SDK\platform\devices\fsl_device_registers.h</PathName>
      <PathName>C:\Users\cheik\workspace.kds\Temp\SDK\platform\devices\startup.h</PathName>
      <PathName>C:\Users\cheik\workspace.kds\Temp\SDK\platform\drivers\inc\fsl_uart_driver.h</PathName>
      <PathName>C:\Users\cheik\workspace.kds\Temp\SDK\platform\hal\inc\fsl_lpsci_hal.h</PathName>
      <PathName>C:\Users\cheik\workspace.kds\Temp\SDK\platform\hal\inc\fsl_mcg_hal.h</PathName>
      <PathName>C:\Users\cheik\workspace.kds\Temp\SDK\platform\hal\inc\fsl_mcg_hal_modes.h</PathName>
      <PathName>C:\Users\cheik\workspace.kds\Temp\SDK\platform\hal\inc\fsl_osc_hal.h</PathName>
      <PathName>C:\Users\cheik\workspace.kds\Temp\SDK\platform\hal\inc\fsl_port_hal.h</PathName>
      <PathName>C:\Users\cheik\workspace.kds\Temp\SDK\platform\hal\inc\fsl_rtc_hal.h</PathName>
      <PathName>C:\Users\cheik\workspace.kds\Temp\SDK\platform\hal\inc\fsl_sim_hal.h</PathName>
      <PathName>C:\Users\cheik\workspace.kds\Temp\SDK\platform\hal\inc\fsl_uart_hal.h</PathName>
      <PathName>C:\Users\cheik\workspace.kds\Temp\SDK\platform\hal\src\sim\MKL26Z4\fsl_sim_hal_MKL26Z4.h</PathName>
      <PathName>C:\Users\cheik\workspace.kds\Temp\SDK\platform\osa\inc\fsl_os_abstraction.h</PathName>
      <PathName>C:\Users\cheik\workspace.kds\Temp\SDK\platform\osa\inc\fsl_os_abstraction_bm.h</PathName>
      <PathName>C:\Users\cheik\workspace.kds\Temp\SDK\platform\system\inc\fsl_clock_manager.h</PathName>
      <PathName>C:\Users\cheik\workspace.kds\Temp\SDK\platform\system\inc\fsl_interrupt_manager.h</PathName>
      <PathName>C:\Users\cheik\workspace.kds\Temp\SDK\platform\system\src\clock\MKL26Z4\fsl_clock_MKL26Z4.h</PathName>
      <PathName>C:\Users\cheik\workspace.kds\Temp\SDK\platform\utilities\inc\fsl_debug_console.h</PathName>
      <PathName>C:\Users\cheik\workspace.kds\Temp\SDK\platform\utilities\inc\fsl_misc_utilities.h</PathName>
      <PathName>C:\Users\cheik\workspace.kds\Temp\SDK\platform\utilities\src\print_scan.h</PathName>
      <PathName>C:\Users\cheik\workspace.kds\Temp\Sources\1wire\common.h</PathName>
      <PathName>C:\Users\cheik\workspace.kds\Temp\Sources\1wire\onewire.h</PathName>
      <PathName>C:\Users\cheik\workspace.kds\Temp\Sources\1wire\uart.h</PathName>
      <PathName>C:\Users\cheik\workspace.kds\Temp\Sources\Events.h</PathName>
      <PathName>C:\Users\cheik\workspace.kds\Temp\Sources\StringUtility.h</PathName>
      <PathName>C:\Users\cheik\workspace.kds\Temp\Sources\Xbee_Driver.h</PathName>
      <PathName>C:\Users\cheik\workspace.kds\Temp\Sources\app.h</PathName>
      <PathName>C:\Users\cheik\workspace.kds\Temp\Sources\console.h</PathName>
      <PathName>C:\Users\cheik\workspace.kds\Temp\Sources\fifo_buffer.h</PathName>
      <PathName>C:\Users\cheik\workspace.kds\Temp\Sources\iSerre-SN.h</PathName>
      <PathName>C:\Users\cheik\workspace.kds\Temp\Sources\sensor.h</PathName>
    </GeneratedHs>
    <GeneratedASMs>
      <PathName>C:\Users\cheik\workspace.kds\Temp\SDK\platform\devices\MKL26Z4\startup\gcc\startup_MKL26Z4.S</PathName>
    </GeneratedASMs>
  </FILES>
  <OPTIONS>
    <BuildOptions>
      <CCoptList>
        <Option>-D CPU_MKL26Z128VLH4</Option>
        <Option>-D FSL_OSA_BM_TIMER_CONFIG=2</Option>  
      </CCoptList>
    </BuildOptions>
  </OPTIONS>
</export>
